epoch,time,train/box_loss,train/cls_loss,train/dfl_loss,metrics/precision(B),metrics/recall(B),metrics/mAP50(B),metrics/mAP50-95(B),val/box_loss,val/cls_loss,val/dfl_loss,lr/pg0,lr/pg1,lr/pg2
1,9.26953,1.22063,4.42472,0.00458,0.00281,0.0796,0.00066,9e-05,1.41705,3.93801,0.0053,0.00012,0.00012,0.08812
2,13.0979,0.98178,1.91059,0.00343,0,0,0,0,1.94526,4.56971,0.00775,0.000247525,0.000247525,0.0752475
3,16.8752,1.01819,1.15721,0.00369,0,0,0,0,1.34169,5.04174,0.00486,0.000372476,0.000372476,0.0623725
4,20.6007,0.95288,0.88081,0.00335,0,0,0,0,1.36563,4.64443,0.00498,0.000494853,0.000494853,0.0494949
5,24.1808,0.91893,0.75635,0.00317,0.97436,0.18905,0.18423,0.09747,1.44882,3.9819,0.00529,0.000614656,0.000614656,0.0366147
6,27.8119,0.85108,0.64854,0.0029,0.64368,0.83582,0.76141,0.37329,1.45132,3.28525,0.00534,0.000731885,0.000731885,0.0237319
7,31.4334,0.7911,0.60466,0.0027,0.41895,0.99005,0.90082,0.53112,1.32308,2.50815,0.00479,0.00084654,0.00084654,0.0108465
8,35.1066,0.79943,0.53876,0.00276,0.69476,0.83798,0.88351,0.62646,1.02951,1.77852,0.00359,0.0009307,0.0009307,0.0009307
9,38.8286,0.79925,0.52811,0.00275,0.98577,0.68924,0.95139,0.69284,0.99413,1.24751,0.00341,0.0009208,0.0009208,0.0009208
10,42.865,0.77965,0.49014,0.00265,0.93715,0.81605,0.95961,0.72416,0.92849,0.96111,0.00319,0.0009109,0.0009109,0.0009109
11,46.6569,0.7275,0.47191,0.00253,0.86107,0.92507,0.96418,0.74087,0.8916,0.54533,0.00306,0.000901,0.000901,0.000901
12,50.6975,0.71505,0.4262,0.00249,0.86242,0.9602,0.96902,0.73882,0.93513,0.45442,0.00324,0.0008911,0.0008911,0.0008911
13,54.5737,0.73115,0.44707,0.00247,0.85933,0.9403,0.96817,0.77767,0.75855,0.4223,0.00257,0.0008812,0.0008812,0.0008812
14,58.3619,0.71579,0.41282,0.00247,0.88088,0.91045,0.95948,0.7944,0.67983,0.42814,0.00227,0.0008713,0.0008713,0.0008713
15,62.3093,0.73318,0.43298,0.0026,0.84723,0.89055,0.95303,0.78706,0.66319,0.46647,0.00221,0.0008614,0.0008614,0.0008614
16,66.3105,0.69929,0.41819,0.00244,0.90593,0.89552,0.96832,0.79946,0.71457,0.43326,0.00243,0.0008515,0.0008515,0.0008515
17,70.1465,0.68396,0.40187,0.00234,0.90399,0.95025,0.97758,0.82252,0.64946,0.36486,0.00216,0.0008416,0.0008416,0.0008416
18,73.8533,0.68539,0.41357,0.00236,0.88354,0.94358,0.97327,0.80736,0.67418,0.44544,0.00231,0.0008317,0.0008317,0.0008317
19,77.6775,0.67239,0.38571,0.00232,0.89048,0.92537,0.97008,0.81512,0.65613,0.38752,0.00218,0.0008218,0.0008218,0.0008218
20,81.6055,0.67289,0.39175,0.00231,0.92088,0.9265,0.97885,0.8091,0.67316,0.36545,0.00224,0.0008119,0.0008119,0.0008119
21,85.4573,0.6472,0.36447,0.00223,0.90691,0.96942,0.98406,0.82756,0.65561,0.34327,0.00219,0.000802,0.000802,0.000802
22,89.1012,0.68865,0.35757,0.00233,0.92137,0.93035,0.98072,0.8127,0.67389,0.3528,0.00225,0.0007921,0.0007921,0.0007921
23,92.9546,0.63534,0.33545,0.00215,0.92663,0.9204,0.97884,0.8349,0.61453,0.34029,0.00207,0.0007822,0.0007822,0.0007822
24,96.7316,0.63131,0.33935,0.00214,0.95041,0.90547,0.98041,0.83583,0.5911,0.33191,0.00196,0.0007723,0.0007723,0.0007723
25,101.005,0.64114,0.33492,0.00218,0.93941,0.92537,0.98576,0.84435,0.60835,0.32337,0.002,0.0007624,0.0007624,0.0007624
26,104.758,0.62579,0.33197,0.00214,0.92716,0.94996,0.98649,0.82782,0.64576,0.32376,0.00218,0.0007525,0.0007525,0.0007525
27,108.576,0.64268,0.31669,0.00216,0.95192,0.89552,0.97738,0.81503,0.66397,0.34893,0.00223,0.0007426,0.0007426,0.0007426
28,112.103,0.61545,0.32019,0.00209,0.9241,0.94527,0.9811,0.84323,0.58806,0.3343,0.00193,0.0007327,0.0007327,0.0007327
29,116.042,0.61691,0.31355,0.00208,0.90418,0.93892,0.97827,0.83843,0.5978,0.33152,0.00198,0.0007228,0.0007228,0.0007228
30,119.599,0.60201,0.30648,0.00202,0.93328,0.92537,0.9803,0.81051,0.70411,0.34655,0.00233,0.0007129,0.0007129,0.0007129
31,123.113,0.61213,0.30243,0.00206,0.92818,0.95025,0.98143,0.84158,0.612,0.31163,0.002,0.000703,0.000703,0.000703
32,126.67,0.5812,0.2922,0.00197,0.93217,0.95719,0.98383,0.84075,0.60217,0.30296,0.00198,0.0006931,0.0006931,0.0006931
33,130.191,0.56602,0.29657,0.00191,0.88595,0.92757,0.97776,0.84228,0.57931,0.31992,0.00193,0.0006832,0.0006832,0.0006832
34,133.71,0.57286,0.28455,0.00192,0.95136,0.9005,0.97987,0.85263,0.55628,0.30301,0.00183,0.0006733,0.0006733,0.0006733
35,137.179,0.59833,0.28679,0.00202,0.93946,0.92639,0.98345,0.84717,0.58356,0.30743,0.00192,0.0006634,0.0006634,0.0006634
36,140.728,0.62478,0.29761,0.00208,0.95951,0.94319,0.98778,0.85149,0.59717,0.29445,0.00197,0.0006535,0.0006535,0.0006535
37,144.187,0.57069,0.27798,0.00194,0.97924,0.93855,0.99021,0.87645,0.51877,0.25027,0.00169,0.0006436,0.0006436,0.0006436
38,147.727,0.57248,0.2759,0.0019,0.96017,0.95953,0.98983,0.87153,0.54306,0.25918,0.00177,0.0006337,0.0006337,0.0006337
39,151.262,0.54861,0.27889,0.00182,0.96926,0.94137,0.9908,0.86757,0.54714,0.25869,0.0018,0.0006238,0.0006238,0.0006238
40,154.963,0.56217,0.27492,0.00188,0.9386,0.97512,0.98979,0.8779,0.51383,0.2551,0.00168,0.0006139,0.0006139,0.0006139
41,158.864,0.53471,0.26622,0.00181,0.95164,0.97015,0.98939,0.88306,0.49818,0.25824,0.0016,0.000604,0.000604,0.000604
42,162.433,0.54326,0.25889,0.00182,0.96112,0.98392,0.99138,0.87287,0.52365,0.24289,0.00171,0.0005941,0.0005941,0.0005941
43,166.285,0.57186,0.26497,0.00192,0.9396,0.95522,0.98847,0.8456,0.60878,0.27571,0.00196,0.0005842,0.0005842,0.0005842
44,170.034,0.60343,0.26856,0.00205,0.97607,0.95522,0.99062,0.86602,0.56246,0.24852,0.00186,0.0005743,0.0005743,0.0005743
45,174.071,0.56204,0.25927,0.00187,0.9509,0.9602,0.98993,0.85857,0.55205,0.26208,0.00182,0.0005644,0.0005644,0.0005644
46,177.726,0.56632,0.25965,0.00191,0.93634,0.95126,0.98726,0.87318,0.51403,0.25563,0.00169,0.0005545,0.0005545,0.0005545
47,181.615,0.52429,0.25342,0.00176,0.96066,0.97195,0.99003,0.88972,0.49538,0.24108,0.00161,0.0005446,0.0005446,0.0005446
48,185.411,0.52156,0.25537,0.00177,0.96716,0.97015,0.99136,0.88693,0.47885,0.22765,0.00157,0.0005347,0.0005347,0.0005347
49,189.252,0.51972,0.24729,0.00174,0.94913,0.9602,0.9894,0.87538,0.52612,0.24253,0.00173,0.0005248,0.0005248,0.0005248
50,192.941,0.5287,0.24453,0.00183,0.95109,0.96517,0.99078,0.87713,0.52,0.24727,0.00177,0.0005149,0.0005149,0.0005149
51,196.93,0.51759,0.24055,0.00173,0.96105,0.96517,0.99096,0.8765,0.49752,0.23434,0.00162,0.000505,0.000505,0.000505
52,200.621,0.50974,0.24371,0.00172,0.95121,0.96996,0.99189,0.88707,0.49157,0.22692,0.0016,0.0004951,0.0004951,0.0004951
53,204.789,0.47952,0.23326,0.00159,0.97402,0.95522,0.99224,0.89241,0.46672,0.213,0.00153,0.0004852,0.0004852,0.0004852
54,208.589,0.4898,0.21825,0.0016,0.97697,0.95522,0.99157,0.88104,0.48133,0.21812,0.00157,0.0004753,0.0004753,0.0004753
55,212.797,0.49192,0.23321,0.00165,0.95105,0.96664,0.9904,0.89437,0.47115,0.22836,0.00154,0.0004654,0.0004654,0.0004654
56,216.431,0.50145,0.23227,0.00167,0.95574,0.96692,0.99106,0.89279,0.46597,0.2269,0.00153,0.0004555,0.0004555,0.0004555
57,220.305,0.48488,0.22811,0.00161,0.97478,0.96517,0.99206,0.90227,0.4464,0.20179,0.00145,0.0004456,0.0004456,0.0004456
58,223.942,0.47254,0.23438,0.00157,0.97934,0.94344,0.99197,0.8922,0.4617,0.20785,0.0015,0.0004357,0.0004357,0.0004357
59,227.739,0.47749,0.22307,0.0016,0.9799,0.95522,0.99288,0.90015,0.44218,0.19485,0.00143,0.0004258,0.0004258,0.0004258
60,231.391,0.479,0.22058,0.0016,0.97522,0.97897,0.99309,0.90305,0.46463,0.19051,0.0015,0.0004159,0.0004159,0.0004159
61,235.24,0.4741,0.21584,0.00156,0.96812,0.97512,0.99254,0.90404,0.43408,0.19678,0.00141,0.000406,0.000406,0.000406
62,238.906,0.46821,0.22139,0.00154,0.97065,0.95025,0.99185,0.90095,0.45613,0.20949,0.00147,0.0003961,0.0003961,0.0003961
63,242.829,0.48645,0.22041,0.00161,0.95538,0.95866,0.99024,0.89121,0.46329,0.21898,0.00151,0.0003862,0.0003862,0.0003862
64,246.56,0.46444,0.20747,0.00155,0.98799,0.97512,0.99326,0.90714,0.43657,0.19535,0.00139,0.0003763,0.0003763,0.0003763
65,250.477,0.46612,0.21198,0.00157,0.96719,0.9801,0.99317,0.88979,0.46978,0.2046,0.00151,0.0003664,0.0003664,0.0003664
66,254.139,0.4652,0.21143,0.00154,0.97475,0.96038,0.99222,0.9008,0.44776,0.19865,0.00143,0.0003565,0.0003565,0.0003565
67,258.189,0.47085,0.21171,0.00157,0.97803,0.9801,0.99372,0.9013,0.45074,0.19042,0.00147,0.0003466,0.0003466,0.0003466
68,261.862,0.46198,0.21156,0.00152,0.9357,0.98507,0.99079,0.92246,0.39805,0.1979,0.00127,0.0003367,0.0003367,0.0003367
69,265.814,0.47092,0.21122,0.00158,0.94158,0.9801,0.99116,0.8894,0.46937,0.22088,0.00149,0.0003268,0.0003268,0.0003268
70,269.367,0.46747,0.2045,0.00156,0.94167,0.97512,0.9914,0.91553,0.41384,0.19819,0.00134,0.0003169,0.0003169,0.0003169
71,272.894,0.46456,0.20776,0.00155,0.98984,0.96987,0.99371,0.88739,0.49276,0.19946,0.00159,0.000307,0.000307,0.000307
72,276.445,0.45757,0.20625,0.00152,0.97484,0.9639,0.9928,0.92154,0.39675,0.1982,0.00129,0.0002971,0.0002971,0.0002971
73,280.232,0.45386,0.20167,0.00151,0.9819,0.94527,0.99178,0.9084,0.4303,0.20474,0.00142,0.0002872,0.0002872,0.0002872
74,283.749,0.45186,0.20018,0.00148,0.96637,0.97512,0.99232,0.90031,0.45639,0.21083,0.00147,0.0002773,0.0002773,0.0002773
75,287.262,0.46841,0.20392,0.00151,0.95843,0.9801,0.99226,0.89726,0.46422,0.20225,0.0015,0.0002674,0.0002674,0.0002674
76,290.964,0.43972,0.19445,0.00141,0.96161,0.99005,0.9934,0.91084,0.4167,0.18356,0.00136,0.0002575,0.0002575,0.0002575
77,294.552,0.43978,0.20443,0.00144,0.97209,0.9602,0.99235,0.90765,0.4396,0.19975,0.00141,0.0002476,0.0002476,0.0002476
78,298.392,0.42526,0.19611,0.00142,0.96758,0.96517,0.9922,0.92134,0.38437,0.19012,0.00124,0.0002377,0.0002377,0.0002377
79,301.858,0.41392,0.18527,0.00136,0.97615,0.97512,0.99252,0.90983,0.42032,0.19802,0.00134,0.0002278,0.0002278,0.0002278
80,305.383,0.4064,0.18702,0.00135,0.96994,0.96307,0.99146,0.92776,0.37893,0.18783,0.00121,0.0002179,0.0002179,0.0002179
81,308.983,0.4186,0.1946,0.00137,0.94293,0.9864,0.9912,0.92776,0.37944,0.19276,0.00122,0.000208,0.000208,0.000208
82,312.862,0.42074,0.19239,0.00138,0.96794,0.97512,0.99232,0.90708,0.41701,0.19745,0.00133,0.0001981,0.0001981,0.0001981
83,316.73,0.41938,0.18781,0.00134,0.97939,0.94555,0.99161,0.92556,0.38094,0.18921,0.0012,0.0001882,0.0001882,0.0001882
84,320.744,0.41527,0.1973,0.00137,0.97038,0.97796,0.99312,0.91394,0.4218,0.18208,0.00135,0.0001783,0.0001783,0.0001783
85,324.364,0.4015,0.18828,0.00132,0.97052,0.98286,0.9935,0.92448,0.38873,0.17711,0.00125,0.0001684,0.0001684,0.0001684
86,328.171,0.40416,0.18393,0.00129,0.97036,0.97716,0.99261,0.92553,0.37577,0.18086,0.00122,0.0001585,0.0001585,0.0001585
87,331.808,0.40326,0.18625,0.00131,0.97889,0.96517,0.99181,0.92241,0.38824,0.18971,0.00124,0.0001486,0.0001486,0.0001486
88,335.803,0.4048,0.18651,0.00132,0.97963,0.95716,0.99233,0.93066,0.37633,0.18318,0.00121,0.0001387,0.0001387,0.0001387
89,339.546,0.43173,0.19148,0.00138,0.98472,0.96166,0.9932,0.92586,0.37719,0.18091,0.00121,0.0001288,0.0001288,0.0001288
90,343.317,0.39687,0.18283,0.0013,0.9845,0.94821,0.99187,0.93278,0.36914,0.18546,0.00119,0.0001189,0.0001189,0.0001189
91,353.506,0.38524,0.18351,0.00124,0.98605,0.95522,0.99235,0.92823,0.37204,0.18095,0.0012,0.000109,0.000109,0.000109
92,357.398,0.38376,0.18457,0.00127,0.97997,0.9737,0.9929,0.92673,0.36751,0.17674,0.00118,9.91e-05,9.91e-05,9.91e-05
93,361.576,0.37685,0.17758,0.00124,0.96912,0.9801,0.99308,0.93022,0.37941,0.18262,0.00121,8.92e-05,8.92e-05,8.92e-05
94,365.182,0.38417,0.18211,0.00124,0.97983,0.96671,0.99293,0.93246,0.36479,0.17732,0.00117,7.93e-05,7.93e-05,7.93e-05
95,369.27,0.38139,0.17468,0.00124,0.96812,0.97015,0.99265,0.93499,0.365,0.17683,0.00119,6.94e-05,6.94e-05,6.94e-05
96,372.891,0.38461,0.1814,0.00124,0.96987,0.99005,0.99286,0.93128,0.37473,0.1792,0.0012,5.95e-05,5.95e-05,5.95e-05
97,376.763,0.37365,0.17535,0.00121,0.97509,0.97383,0.99289,0.93632,0.36015,0.17197,0.00116,4.96e-05,4.96e-05,4.96e-05
98,380.476,0.3706,0.17897,0.00123,0.98002,0.97613,0.99329,0.93521,0.36521,0.16996,0.00117,3.97e-05,3.97e-05,3.97e-05
99,384.555,0.36743,0.17324,0.00121,0.98131,0.97015,0.99328,0.92881,0.37285,0.17277,0.00119,2.98e-05,2.98e-05,2.98e-05
100,388.189,0.36646,0.18075,0.0012,0.97836,0.97015,0.99354,0.9349,0.37203,0.17258,0.00119,1.99e-05,1.99e-05,1.99e-05
